{
  "Total" : {
    "transaction" : "Total",
    "sampleCount" : 208,
    "errorCount" : 0,
    "errorPct" : 0.0,
    "meanResTime" : 9616.985576923074,
    "minResTime" : 3458.0,
    "maxResTime" : 13148.0,
    "pct1ResTime" : 12394.1,
    "pct2ResTime" : 12614.15,
    "pct3ResTime" : 13073.34,
    "throughput" : 1.0867463962340056,
    "receivedKBytesPerSec" : 0.3311180426025486,
    "sentKBytesPerSec" : 67.03247924307853
  },
  "HTTP Request" : {
    "transaction" : "HTTP Request",
    "sampleCount" : 208,
    "errorCount" : 0,
    "errorPct" : 0.0,
    "meanResTime" : 9616.985576923074,
    "minResTime" : 3458.0,
    "maxResTime" : 13148.0,
    "pct1ResTime" : 12394.1,
    "pct2ResTime" : 12614.15,
    "pct3ResTime" : 13073.34,
    "throughput" : 1.0867463962340056,
    "receivedKBytesPerSec" : 0.3311180426025486,
    "sentKBytesPerSec" : 67.03247924307853
  }
}