{
  "Total" : {
    "transaction" : "Total",
    "sampleCount" : 82,
    "errorCount" : 0,
    "errorPct" : 0.0,
    "meanResTime" : 26290.012195121963,
    "minResTime" : 9474.0,
    "maxResTime" : 42290.0,
    "pct1ResTime" : 40505.8,
    "pct2ResTime" : 41269.7,
    "pct3ResTime" : 42290.0,
    "throughput" : 0.3907162018573314,
    "receivedKBytesPerSec" : 0.11904634275340566,
    "sentKBytesPerSec" : 24.10020712872431
  },
  "HTTP Request" : {
    "transaction" : "HTTP Request",
    "sampleCount" : 82,
    "errorCount" : 0,
    "errorPct" : 0.0,
    "meanResTime" : 26290.012195121963,
    "minResTime" : 9474.0,
    "maxResTime" : 42290.0,
    "pct1ResTime" : 40505.8,
    "pct2ResTime" : 41269.7,
    "pct3ResTime" : 42290.0,
    "throughput" : 0.3907162018573314,
    "receivedKBytesPerSec" : 0.11904634275340566,
    "sentKBytesPerSec" : 24.10020712872431
  }
}