{
  "Total" : {
    "transaction" : "Total",
    "sampleCount" : 201,
    "errorCount" : 0,
    "errorPct" : 0.0,
    "meanResTime" : 9804.084577114429,
    "minResTime" : 3815.0,
    "maxResTime" : 12493.0,
    "pct1ResTime" : 11570.2,
    "pct2ResTime" : 11979.0,
    "pct3ResTime" : 12388.96,
    "throughput" : 1.0558275376631017,
    "receivedKBytesPerSec" : 0.3216974528817263,
    "sentKBytesPerSec" : 65.12445144408053
  },
  "HTTP Request" : {
    "transaction" : "HTTP Request",
    "sampleCount" : 201,
    "errorCount" : 0,
    "errorPct" : 0.0,
    "meanResTime" : 9804.084577114429,
    "minResTime" : 3815.0,
    "maxResTime" : 12493.0,
    "pct1ResTime" : 11570.2,
    "pct2ResTime" : 11979.0,
    "pct3ResTime" : 12388.96,
    "throughput" : 1.0558275376631017,
    "receivedKBytesPerSec" : 0.3216974528817263,
    "sentKBytesPerSec" : 65.12445144408053
  }
}