{
  "Total" : {
    "transaction" : "Total",
    "sampleCount" : 175,
    "errorCount" : 0,
    "errorPct" : 0.0,
    "meanResTime" : 11697.36,
    "minResTime" : 3350.0,
    "maxResTime" : 16994.0,
    "pct1ResTime" : 16727.2,
    "pct2ResTime" : 16887.8,
    "pct3ResTime" : 16918.760000000002,
    "throughput" : 0.8896616235562063,
    "receivedKBytesPerSec" : 0.27106877592728157,
    "sentKBytesPerSec" : 54.87550059353139
  },
  "HTTP Request" : {
    "transaction" : "HTTP Request",
    "sampleCount" : 175,
    "errorCount" : 0,
    "errorPct" : 0.0,
    "meanResTime" : 11697.36,
    "minResTime" : 3350.0,
    "maxResTime" : 16994.0,
    "pct1ResTime" : 16727.2,
    "pct2ResTime" : 16887.8,
    "pct3ResTime" : 16918.760000000002,
    "throughput" : 0.8896616235562063,
    "receivedKBytesPerSec" : 0.27106877592728157,
    "sentKBytesPerSec" : 54.87550059353139
  }
}