{
  "Total" : {
    "transaction" : "Total",
    "sampleCount" : 133,
    "errorCount" : 0,
    "errorPct" : 0.0,
    "meanResTime" : 15505.248120300746,
    "minResTime" : 6615.0,
    "maxResTime" : 20685.0,
    "pct1ResTime" : 20179.2,
    "pct2ResTime" : 20376.9,
    "pct3ResTime" : 20648.62,
    "throughput" : 0.6685668038988001,
    "receivedKBytesPerSec" : 0.20370394806291567,
    "sentKBytesPerSec" : 41.2379095207306
  },
  "HTTP Request" : {
    "transaction" : "HTTP Request",
    "sampleCount" : 133,
    "errorCount" : 0,
    "errorPct" : 0.0,
    "meanResTime" : 15505.248120300746,
    "minResTime" : 6615.0,
    "maxResTime" : 20685.0,
    "pct1ResTime" : 20179.2,
    "pct2ResTime" : 20376.9,
    "pct3ResTime" : 20648.62,
    "throughput" : 0.6685668038988001,
    "receivedKBytesPerSec" : 0.20370394806291567,
    "sentKBytesPerSec" : 41.2379095207306
  }
}