{
  "Total" : {
    "transaction" : "Total",
    "sampleCount" : 127,
    "errorCount" : 0,
    "errorPct" : 0.0,
    "meanResTime" : 15883.212598425194,
    "minResTime" : 6856.0,
    "maxResTime" : 24369.0,
    "pct1ResTime" : 21514.2,
    "pct2ResTime" : 21768.2,
    "pct3ResTime" : 23710.159999999996,
    "throughput" : 0.6593737506944192,
    "receivedKBytesPerSec" : 0.20090293966470585,
    "sentKBytesPerSec" : 40.67024575138754
  },
  "HTTP Request" : {
    "transaction" : "HTTP Request",
    "sampleCount" : 127,
    "errorCount" : 0,
    "errorPct" : 0.0,
    "meanResTime" : 15883.212598425194,
    "minResTime" : 6856.0,
    "maxResTime" : 24369.0,
    "pct1ResTime" : 21514.2,
    "pct2ResTime" : 21768.2,
    "pct3ResTime" : 23710.159999999996,
    "throughput" : 0.6593737506944192,
    "receivedKBytesPerSec" : 0.20090293966470585,
    "sentKBytesPerSec" : 40.67024575138754
  }
}