{
  "Total" : {
    "transaction" : "Total",
    "sampleCount" : 156,
    "errorCount" : 1,
    "errorPct" : 0.64102566,
    "meanResTime" : 12985.429487179494,
    "minResTime" : 4507.0,
    "maxResTime" : 120010.0,
    "pct1ResTime" : 14635.4,
    "pct2ResTime" : 14935.600000000002,
    "pct3ResTime" : 60707.77000000071,
    "throughput" : 0.6946021399089002,
    "receivedKBytesPerSec" : 0.21922423432358665,
    "sentKBytesPerSec" : 42.56857022021337
  },
  "HTTP Request" : {
    "transaction" : "HTTP Request",
    "sampleCount" : 156,
    "errorCount" : 1,
    "errorPct" : 0.64102566,
    "meanResTime" : 12985.429487179494,
    "minResTime" : 4507.0,
    "maxResTime" : 120010.0,
    "pct1ResTime" : 14635.4,
    "pct2ResTime" : 14935.600000000002,
    "pct3ResTime" : 60707.77000000071,
    "throughput" : 0.6946021399089002,
    "receivedKBytesPerSec" : 0.21922423432358665,
    "sentKBytesPerSec" : 42.56857022021337
  }
}